Task;SwcOrBswmd;Event
;/AUTOSAR_Dcm/SwComponentTypes/Dcm;EV_GetActiveProtocol
;/AUTOSAR_Dcm/SwComponentTypes/Dcm;EV_GetSecurityLevel
;/AUTOSAR_Dcm/SwComponentTypes/Dcm;EV_GetSesCtrlType
;/AUTOSAR_Dcm/SwComponentTypes/Dcm;EV_ResetToDefaultSession
;/AUTOSAR_Dcm/SwComponentTypes/Dcm;EV_TriggerOnEvent_DcmDspRoeEvent
;/AUTOSAR_Dem/SwComponentTypes/Dem;EV_ClearDTC
;/AUTOSAR_Dem/SwComponentTypes/Dem;EV_ClearPrestoredFF_EvtDTC_0x000001_Event
;/AUTOSAR_Dem/SwComponentTypes/Dem;EV_ClearPrestoredFF_EvtPermanent_DTC
;/AUTOSAR_Dem/SwComponentTypes/Dem;EV_GetDTCOfEvent_EvtCANSM_E_BUS_OFF_0
;/AUTOSAR_Dem/SwComponentTypes/Dem;EV_GetDTCOfEvent_EvtCAN_E_TIMEOUT
;/AUTOSAR_Dem/SwComponentTypes/Dem;EV_GetDTCOfEvent_EvtDTC_0x000001_Event
;/AUTOSAR_Dem/SwComponentTypes/Dem;EV_GetDTCOfEvent_EvtECUM_E_RAM_CHECK_FAILED
;/AUTOSAR_Dem/SwComponentTypes/Dem;EV_GetDTCOfEvent_EvtFEE_E_GC_ERASE
;/AUTOSAR_Dem/SwComponentTypes/Dem;EV_GetDTCOfEvent_EvtFEE_E_GC_INIT
;/AUTOSAR_Dem/SwComponentTypes/Dem;EV_GetDTCOfEvent_EvtFEE_E_GC_READ
;/AUTOSAR_Dem/SwComponentTypes/Dem;EV_GetDTCOfEvent_EvtFEE_E_GC_TRIG
;/AUTOSAR_Dem/SwComponentTypes/Dem;EV_GetDTCOfEvent_EvtFEE_E_GC_WRITE
;/AUTOSAR_Dem/SwComponentTypes/Dem;EV_GetDTCOfEvent_EvtFEE_E_INVALIDATE
;/AUTOSAR_Dem/SwComponentTypes/Dem;EV_GetDTCOfEvent_EvtFEE_E_READ
;/AUTOSAR_Dem/SwComponentTypes/Dem;EV_GetDTCOfEvent_EvtFEE_E_UNCONFIG_BLK_EXCEEDED
;/AUTOSAR_Dem/SwComponentTypes/Dem;EV_GetDTCOfEvent_EvtFEE_E_WRITE
;/AUTOSAR_Dem/SwComponentTypes/Dem;EV_GetDTCOfEvent_EvtFEE_E_WRITE_CYCLES_EXHAUSTED
;/AUTOSAR_Dem/SwComponentTypes/Dem;EV_GetDTCOfEvent_EvtFLS_E_COMPARE_FAILED
;/AUTOSAR_Dem/SwComponentTypes/Dem;EV_GetDTCOfEvent_EvtFLS_E_ERASE_FAILED
;/AUTOSAR_Dem/SwComponentTypes/Dem;EV_GetDTCOfEvent_EvtFLS_E_READ_FAILED
;/AUTOSAR_Dem/SwComponentTypes/Dem;EV_GetDTCOfEvent_EvtFLS_E_SUSPND_RESUME_TIMEOUT
;/AUTOSAR_Dem/SwComponentTypes/Dem;EV_GetDTCOfEvent_EvtFLS_E_UNEXPECTED_FLASH_ID
;/AUTOSAR_Dem/SwComponentTypes/Dem;EV_GetDTCOfEvent_EvtFLS_E_VERIFY_ERASE_ECC
;/AUTOSAR_Dem/SwComponentTypes/Dem;EV_GetDTCOfEvent_EvtFLS_E_WRITE_FAILED
;/AUTOSAR_Dem/SwComponentTypes/Dem;EV_GetDTCOfEvent_EvtMCU_E_CLOCK_FAILURE
;/AUTOSAR_Dem/SwComponentTypes/Dem;EV_GetDTCOfEvent_EvtMCU_E_ERAY_TIMEOUT
;/AUTOSAR_Dem/SwComponentTypes/Dem;EV_GetDTCOfEvent_EvtMCU_E_OSC_FAILURE
;/AUTOSAR_Dem/SwComponentTypes/Dem;EV_GetDTCOfEvent_EvtPermanent_DTC
;/AUTOSAR_Dem/SwComponentTypes/Dem;EV_GetDTCOfEvent_EvtWDGM_E_DATA_CORRUPTION
;/AUTOSAR_Dem/SwComponentTypes/Dem;EV_GetDTCOfEvent_EvtWDGM_E_MF_TIMINGVIOLATION
;/AUTOSAR_Dem/SwComponentTypes/Dem;EV_GetDTCOfEvent_EvtWDGM_E_MONITORING
;/AUTOSAR_Dem/SwComponentTypes/Dem;EV_GetDTCOfEvent_EvtWDGM_E_SET_MODE
;/AUTOSAR_Dem/SwComponentTypes/Dem;EV_GetDTCOfEvent_GeneralEvt
;/AUTOSAR_Dem/SwComponentTypes/Dem;EV_GetDebouncingOfEvent_EvtCANSM_E_BUS_OFF_0
;/AUTOSAR_Dem/SwComponentTypes/Dem;EV_GetDebouncingOfEvent_EvtCAN_E_TIMEOUT
;/AUTOSAR_Dem/SwComponentTypes/Dem;EV_GetDebouncingOfEvent_EvtDTC_0x000001_Event
;/AUTOSAR_Dem/SwComponentTypes/Dem;EV_GetDebouncingOfEvent_EvtECUM_E_RAM_CHECK_FAILED
;/AUTOSAR_Dem/SwComponentTypes/Dem;EV_GetDebouncingOfEvent_EvtFEE_E_GC_ERASE
;/AUTOSAR_Dem/SwComponentTypes/Dem;EV_GetDebouncingOfEvent_EvtFEE_E_GC_INIT
;/AUTOSAR_Dem/SwComponentTypes/Dem;EV_GetDebouncingOfEvent_EvtFEE_E_GC_READ
;/AUTOSAR_Dem/SwComponentTypes/Dem;EV_GetDebouncingOfEvent_EvtFEE_E_GC_TRIG
;/AUTOSAR_Dem/SwComponentTypes/Dem;EV_GetDebouncingOfEvent_EvtFEE_E_GC_WRITE
;/AUTOSAR_Dem/SwComponentTypes/Dem;EV_GetDebouncingOfEvent_EvtFEE_E_INVALIDATE
;/AUTOSAR_Dem/SwComponentTypes/Dem;EV_GetDebouncingOfEvent_EvtFEE_E_READ
;/AUTOSAR_Dem/SwComponentTypes/Dem;EV_GetDebouncingOfEvent_EvtFEE_E_UNCONFIG_BLK_EXCEEDED
;/AUTOSAR_Dem/SwComponentTypes/Dem;EV_GetDebouncingOfEvent_EvtFEE_E_WRITE
;/AUTOSAR_Dem/SwComponentTypes/Dem;EV_GetDebouncingOfEvent_EvtFEE_E_WRITE_CYCLES_EXHAUSTED
;/AUTOSAR_Dem/SwComponentTypes/Dem;EV_GetDebouncingOfEvent_EvtFLS_E_COMPARE_FAILED
;/AUTOSAR_Dem/SwComponentTypes/Dem;EV_GetDebouncingOfEvent_EvtFLS_E_ERASE_FAILED
;/AUTOSAR_Dem/SwComponentTypes/Dem;EV_GetDebouncingOfEvent_EvtFLS_E_READ_FAILED
;/AUTOSAR_Dem/SwComponentTypes/Dem;EV_GetDebouncingOfEvent_EvtFLS_E_SUSPND_RESUME_TIMEOUT
;/AUTOSAR_Dem/SwComponentTypes/Dem;EV_GetDebouncingOfEvent_EvtFLS_E_UNEXPECTED_FLASH_ID
;/AUTOSAR_Dem/SwComponentTypes/Dem;EV_GetDebouncingOfEvent_EvtFLS_E_VERIFY_ERASE_ECC
;/AUTOSAR_Dem/SwComponentTypes/Dem;EV_GetDebouncingOfEvent_EvtFLS_E_WRITE_FAILED
;/AUTOSAR_Dem/SwComponentTypes/Dem;EV_GetDebouncingOfEvent_EvtMCU_E_CLOCK_FAILURE
;/AUTOSAR_Dem/SwComponentTypes/Dem;EV_GetDebouncingOfEvent_EvtMCU_E_ERAY_TIMEOUT
;/AUTOSAR_Dem/SwComponentTypes/Dem;EV_GetDebouncingOfEvent_EvtMCU_E_OSC_FAILURE
;/AUTOSAR_Dem/SwComponentTypes/Dem;EV_GetDebouncingOfEvent_EvtPermanent_DTC
;/AUTOSAR_Dem/SwComponentTypes/Dem;EV_GetDebouncingOfEvent_EvtWDGM_E_DATA_CORRUPTION
;/AUTOSAR_Dem/SwComponentTypes/Dem;EV_GetDebouncingOfEvent_EvtWDGM_E_MF_TIMINGVIOLATION
;/AUTOSAR_Dem/SwComponentTypes/Dem;EV_GetDebouncingOfEvent_EvtWDGM_E_MONITORING
;/AUTOSAR_Dem/SwComponentTypes/Dem;EV_GetDebouncingOfEvent_EvtWDGM_E_SET_MODE
;/AUTOSAR_Dem/SwComponentTypes/Dem;EV_GetDebouncingOfEvent_GeneralEvt
;/AUTOSAR_Dem/SwComponentTypes/Dem;EV_GetEventEDREx_EvtCANSM_E_BUS_OFF_0
;/AUTOSAR_Dem/SwComponentTypes/Dem;EV_GetEventEDREx_EvtCAN_E_TIMEOUT
;/AUTOSAR_Dem/SwComponentTypes/Dem;EV_GetEventEDREx_EvtDTC_0x000001_Event
;/AUTOSAR_Dem/SwComponentTypes/Dem;EV_GetEventEDREx_EvtECUM_E_RAM_CHECK_FAILED
;/AUTOSAR_Dem/SwComponentTypes/Dem;EV_GetEventEDREx_EvtFEE_E_GC_ERASE
;/AUTOSAR_Dem/SwComponentTypes/Dem;EV_GetEventEDREx_EvtFEE_E_GC_INIT
;/AUTOSAR_Dem/SwComponentTypes/Dem;EV_GetEventEDREx_EvtFEE_E_GC_READ
;/AUTOSAR_Dem/SwComponentTypes/Dem;EV_GetEventEDREx_EvtFEE_E_GC_TRIG
;/AUTOSAR_Dem/SwComponentTypes/Dem;EV_GetEventEDREx_EvtFEE_E_GC_WRITE
;/AUTOSAR_Dem/SwComponentTypes/Dem;EV_GetEventEDREx_EvtFEE_E_INVALIDATE
;/AUTOSAR_Dem/SwComponentTypes/Dem;EV_GetEventEDREx_EvtFEE_E_READ
;/AUTOSAR_Dem/SwComponentTypes/Dem;EV_GetEventEDREx_EvtFEE_E_UNCONFIG_BLK_EXCEEDED
;/AUTOSAR_Dem/SwComponentTypes/Dem;EV_GetEventEDREx_EvtFEE_E_WRITE
;/AUTOSAR_Dem/SwComponentTypes/Dem;EV_GetEventEDREx_EvtFEE_E_WRITE_CYCLES_EXHAUSTED
;/AUTOSAR_Dem/SwComponentTypes/Dem;EV_GetEventEDREx_EvtFLS_E_COMPARE_FAILED
;/AUTOSAR_Dem/SwComponentTypes/Dem;EV_GetEventEDREx_EvtFLS_E_ERASE_FAILED
;/AUTOSAR_Dem/SwComponentTypes/Dem;EV_GetEventEDREx_EvtFLS_E_READ_FAILED
;/AUTOSAR_Dem/SwComponentTypes/Dem;EV_GetEventEDREx_EvtFLS_E_SUSPND_RESUME_TIMEOUT
;/AUTOSAR_Dem/SwComponentTypes/Dem;EV_GetEventEDREx_EvtFLS_E_UNEXPECTED_FLASH_ID
;/AUTOSAR_Dem/SwComponentTypes/Dem;EV_GetEventEDREx_EvtFLS_E_VERIFY_ERASE_ECC
;/AUTOSAR_Dem/SwComponentTypes/Dem;EV_GetEventEDREx_EvtFLS_E_WRITE_FAILED
;/AUTOSAR_Dem/SwComponentTypes/Dem;EV_GetEventEDREx_EvtMCU_E_CLOCK_FAILURE
;/AUTOSAR_Dem/SwComponentTypes/Dem;EV_GetEventEDREx_EvtMCU_E_ERAY_TIMEOUT
;/AUTOSAR_Dem/SwComponentTypes/Dem;EV_GetEventEDREx_EvtMCU_E_OSC_FAILURE
;/AUTOSAR_Dem/SwComponentTypes/Dem;EV_GetEventEDREx_EvtPermanent_DTC
;/AUTOSAR_Dem/SwComponentTypes/Dem;EV_GetEventEDREx_EvtWDGM_E_DATA_CORRUPTION
;/AUTOSAR_Dem/SwComponentTypes/Dem;EV_GetEventEDREx_EvtWDGM_E_MF_TIMINGVIOLATION
;/AUTOSAR_Dem/SwComponentTypes/Dem;EV_GetEventEDREx_EvtWDGM_E_MONITORING
;/AUTOSAR_Dem/SwComponentTypes/Dem;EV_GetEventEDREx_EvtWDGM_E_SET_MODE
;/AUTOSAR_Dem/SwComponentTypes/Dem;EV_GetEventEDREx_GeneralEvt
;/AUTOSAR_Dem/SwComponentTypes/Dem;EV_GetEventEDR_EvtCANSM_E_BUS_OFF_0
;/AUTOSAR_Dem/SwComponentTypes/Dem;EV_GetEventEDR_EvtCAN_E_TIMEOUT
;/AUTOSAR_Dem/SwComponentTypes/Dem;EV_GetEventEDR_EvtDTC_0x000001_Event
;/AUTOSAR_Dem/SwComponentTypes/Dem;EV_GetEventEDR_EvtECUM_E_RAM_CHECK_FAILED
;/AUTOSAR_Dem/SwComponentTypes/Dem;EV_GetEventEDR_EvtFEE_E_GC_ERASE
;/AUTOSAR_Dem/SwComponentTypes/Dem;EV_GetEventEDR_EvtFEE_E_GC_INIT
;/AUTOSAR_Dem/SwComponentTypes/Dem;EV_GetEventEDR_EvtFEE_E_GC_READ
;/AUTOSAR_Dem/SwComponentTypes/Dem;EV_GetEventEDR_EvtFEE_E_GC_TRIG
;/AUTOSAR_Dem/SwComponentTypes/Dem;EV_GetEventEDR_EvtFEE_E_GC_WRITE
;/AUTOSAR_Dem/SwComponentTypes/Dem;EV_GetEventEDR_EvtFEE_E_INVALIDATE
;/AUTOSAR_Dem/SwComponentTypes/Dem;EV_GetEventEDR_EvtFEE_E_READ
;/AUTOSAR_Dem/SwComponentTypes/Dem;EV_GetEventEDR_EvtFEE_E_UNCONFIG_BLK_EXCEEDED
;/AUTOSAR_Dem/SwComponentTypes/Dem;EV_GetEventEDR_EvtFEE_E_WRITE
;/AUTOSAR_Dem/SwComponentTypes/Dem;EV_GetEventEDR_EvtFEE_E_WRITE_CYCLES_EXHAUSTED
;/AUTOSAR_Dem/SwComponentTypes/Dem;EV_GetEventEDR_EvtFLS_E_COMPARE_FAILED
;/AUTOSAR_Dem/SwComponentTypes/Dem;EV_GetEventEDR_EvtFLS_E_ERASE_FAILED
;/AUTOSAR_Dem/SwComponentTypes/Dem;EV_GetEventEDR_EvtFLS_E_READ_FAILED
;/AUTOSAR_Dem/SwComponentTypes/Dem;EV_GetEventEDR_EvtFLS_E_SUSPND_RESUME_TIMEOUT
;/AUTOSAR_Dem/SwComponentTypes/Dem;EV_GetEventEDR_EvtFLS_E_UNEXPECTED_FLASH_ID
;/AUTOSAR_Dem/SwComponentTypes/Dem;EV_GetEventEDR_EvtFLS_E_VERIFY_ERASE_ECC
;/AUTOSAR_Dem/SwComponentTypes/Dem;EV_GetEventEDR_EvtFLS_E_WRITE_FAILED
;/AUTOSAR_Dem/SwComponentTypes/Dem;EV_GetEventEDR_EvtMCU_E_CLOCK_FAILURE
;/AUTOSAR_Dem/SwComponentTypes/Dem;EV_GetEventEDR_EvtMCU_E_ERAY_TIMEOUT
;/AUTOSAR_Dem/SwComponentTypes/Dem;EV_GetEventEDR_EvtMCU_E_OSC_FAILURE
;/AUTOSAR_Dem/SwComponentTypes/Dem;EV_GetEventEDR_EvtPermanent_DTC
;/AUTOSAR_Dem/SwComponentTypes/Dem;EV_GetEventEDR_EvtWDGM_E_DATA_CORRUPTION
;/AUTOSAR_Dem/SwComponentTypes/Dem;EV_GetEventEDR_EvtWDGM_E_MF_TIMINGVIOLATION
;/AUTOSAR_Dem/SwComponentTypes/Dem;EV_GetEventEDR_EvtWDGM_E_MONITORING
;/AUTOSAR_Dem/SwComponentTypes/Dem;EV_GetEventEDR_EvtWDGM_E_SET_MODE
;/AUTOSAR_Dem/SwComponentTypes/Dem;EV_GetEventEDR_GeneralEvt
;/AUTOSAR_Dem/SwComponentTypes/Dem;EV_GetEventFFEx_EvtCANSM_E_BUS_OFF_0
;/AUTOSAR_Dem/SwComponentTypes/Dem;EV_GetEventFFEx_EvtCAN_E_TIMEOUT
;/AUTOSAR_Dem/SwComponentTypes/Dem;EV_GetEventFFEx_EvtDTC_0x000001_Event
;/AUTOSAR_Dem/SwComponentTypes/Dem;EV_GetEventFFEx_EvtECUM_E_RAM_CHECK_FAILED
;/AUTOSAR_Dem/SwComponentTypes/Dem;EV_GetEventFFEx_EvtFEE_E_GC_ERASE
;/AUTOSAR_Dem/SwComponentTypes/Dem;EV_GetEventFFEx_EvtFEE_E_GC_INIT
;/AUTOSAR_Dem/SwComponentTypes/Dem;EV_GetEventFFEx_EvtFEE_E_GC_READ
;/AUTOSAR_Dem/SwComponentTypes/Dem;EV_GetEventFFEx_EvtFEE_E_GC_TRIG
;/AUTOSAR_Dem/SwComponentTypes/Dem;EV_GetEventFFEx_EvtFEE_E_GC_WRITE
;/AUTOSAR_Dem/SwComponentTypes/Dem;EV_GetEventFFEx_EvtFEE_E_INVALIDATE
;/AUTOSAR_Dem/SwComponentTypes/Dem;EV_GetEventFFEx_EvtFEE_E_READ
;/AUTOSAR_Dem/SwComponentTypes/Dem;EV_GetEventFFEx_EvtFEE_E_UNCONFIG_BLK_EXCEEDED
;/AUTOSAR_Dem/SwComponentTypes/Dem;EV_GetEventFFEx_EvtFEE_E_WRITE
;/AUTOSAR_Dem/SwComponentTypes/Dem;EV_GetEventFFEx_EvtFEE_E_WRITE_CYCLES_EXHAUSTED
;/AUTOSAR_Dem/SwComponentTypes/Dem;EV_GetEventFFEx_EvtFLS_E_COMPARE_FAILED
;/AUTOSAR_Dem/SwComponentTypes/Dem;EV_GetEventFFEx_EvtFLS_E_ERASE_FAILED
;/AUTOSAR_Dem/SwComponentTypes/Dem;EV_GetEventFFEx_EvtFLS_E_READ_FAILED
;/AUTOSAR_Dem/SwComponentTypes/Dem;EV_GetEventFFEx_EvtFLS_E_SUSPND_RESUME_TIMEOUT
;/AUTOSAR_Dem/SwComponentTypes/Dem;EV_GetEventFFEx_EvtFLS_E_UNEXPECTED_FLASH_ID
;/AUTOSAR_Dem/SwComponentTypes/Dem;EV_GetEventFFEx_EvtFLS_E_VERIFY_ERASE_ECC
;/AUTOSAR_Dem/SwComponentTypes/Dem;EV_GetEventFFEx_EvtFLS_E_WRITE_FAILED
;/AUTOSAR_Dem/SwComponentTypes/Dem;EV_GetEventFFEx_EvtMCU_E_CLOCK_FAILURE
;/AUTOSAR_Dem/SwComponentTypes/Dem;EV_GetEventFFEx_EvtMCU_E_ERAY_TIMEOUT
;/AUTOSAR_Dem/SwComponentTypes/Dem;EV_GetEventFFEx_EvtMCU_E_OSC_FAILURE
;/AUTOSAR_Dem/SwComponentTypes/Dem;EV_GetEventFFEx_EvtPermanent_DTC
;/AUTOSAR_Dem/SwComponentTypes/Dem;EV_GetEventFFEx_EvtWDGM_E_DATA_CORRUPTION
;/AUTOSAR_Dem/SwComponentTypes/Dem;EV_GetEventFFEx_EvtWDGM_E_MF_TIMINGVIOLATION
;/AUTOSAR_Dem/SwComponentTypes/Dem;EV_GetEventFFEx_EvtWDGM_E_MONITORING
;/AUTOSAR_Dem/SwComponentTypes/Dem;EV_GetEventFFEx_EvtWDGM_E_SET_MODE
;/AUTOSAR_Dem/SwComponentTypes/Dem;EV_GetEventFFEx_GeneralEvt
;/AUTOSAR_Dem/SwComponentTypes/Dem;EV_GetEventFF_EvtCANSM_E_BUS_OFF_0
;/AUTOSAR_Dem/SwComponentTypes/Dem;EV_GetEventFF_EvtCAN_E_TIMEOUT
;/AUTOSAR_Dem/SwComponentTypes/Dem;EV_GetEventFF_EvtDTC_0x000001_Event
;/AUTOSAR_Dem/SwComponentTypes/Dem;EV_GetEventFF_EvtECUM_E_RAM_CHECK_FAILED
;/AUTOSAR_Dem/SwComponentTypes/Dem;EV_GetEventFF_EvtFEE_E_GC_ERASE
;/AUTOSAR_Dem/SwComponentTypes/Dem;EV_GetEventFF_EvtFEE_E_GC_INIT
;/AUTOSAR_Dem/SwComponentTypes/Dem;EV_GetEventFF_EvtFEE_E_GC_READ
;/AUTOSAR_Dem/SwComponentTypes/Dem;EV_GetEventFF_EvtFEE_E_GC_TRIG
;/AUTOSAR_Dem/SwComponentTypes/Dem;EV_GetEventFF_EvtFEE_E_GC_WRITE
;/AUTOSAR_Dem/SwComponentTypes/Dem;EV_GetEventFF_EvtFEE_E_INVALIDATE
;/AUTOSAR_Dem/SwComponentTypes/Dem;EV_GetEventFF_EvtFEE_E_READ
;/AUTOSAR_Dem/SwComponentTypes/Dem;EV_GetEventFF_EvtFEE_E_UNCONFIG_BLK_EXCEEDED
;/AUTOSAR_Dem/SwComponentTypes/Dem;EV_GetEventFF_EvtFEE_E_WRITE
;/AUTOSAR_Dem/SwComponentTypes/Dem;EV_GetEventFF_EvtFEE_E_WRITE_CYCLES_EXHAUSTED
;/AUTOSAR_Dem/SwComponentTypes/Dem;EV_GetEventFF_EvtFLS_E_COMPARE_FAILED
;/AUTOSAR_Dem/SwComponentTypes/Dem;EV_GetEventFF_EvtFLS_E_ERASE_FAILED
;/AUTOSAR_Dem/SwComponentTypes/Dem;EV_GetEventFF_EvtFLS_E_READ_FAILED
;/AUTOSAR_Dem/SwComponentTypes/Dem;EV_GetEventFF_EvtFLS_E_SUSPND_RESUME_TIMEOUT
;/AUTOSAR_Dem/SwComponentTypes/Dem;EV_GetEventFF_EvtFLS_E_UNEXPECTED_FLASH_ID
;/AUTOSAR_Dem/SwComponentTypes/Dem;EV_GetEventFF_EvtFLS_E_VERIFY_ERASE_ECC
;/AUTOSAR_Dem/SwComponentTypes/Dem;EV_GetEventFF_EvtFLS_E_WRITE_FAILED
;/AUTOSAR_Dem/SwComponentTypes/Dem;EV_GetEventFF_EvtMCU_E_CLOCK_FAILURE
;/AUTOSAR_Dem/SwComponentTypes/Dem;EV_GetEventFF_EvtMCU_E_ERAY_TIMEOUT
;/AUTOSAR_Dem/SwComponentTypes/Dem;EV_GetEventFF_EvtMCU_E_OSC_FAILURE
;/AUTOSAR_Dem/SwComponentTypes/Dem;EV_GetEventFF_EvtPermanent_DTC
;/AUTOSAR_Dem/SwComponentTypes/Dem;EV_GetEventFF_EvtWDGM_E_DATA_CORRUPTION
;/AUTOSAR_Dem/SwComponentTypes/Dem;EV_GetEventFF_EvtWDGM_E_MF_TIMINGVIOLATION
;/AUTOSAR_Dem/SwComponentTypes/Dem;EV_GetEventFF_EvtWDGM_E_MONITORING
;/AUTOSAR_Dem/SwComponentTypes/Dem;EV_GetEventFF_EvtWDGM_E_SET_MODE
;/AUTOSAR_Dem/SwComponentTypes/Dem;EV_GetEventFF_GeneralEvt
;/AUTOSAR_Dem/SwComponentTypes/Dem;EV_GetEventFailed_EvtCANSM_E_BUS_OFF_0
;/AUTOSAR_Dem/SwComponentTypes/Dem;EV_GetEventFailed_EvtCAN_E_TIMEOUT
;/AUTOSAR_Dem/SwComponentTypes/Dem;EV_GetEventFailed_EvtDTC_0x000001_Event
;/AUTOSAR_Dem/SwComponentTypes/Dem;EV_GetEventFailed_EvtECUM_E_RAM_CHECK_FAILED
;/AUTOSAR_Dem/SwComponentTypes/Dem;EV_GetEventFailed_EvtFEE_E_GC_ERASE
;/AUTOSAR_Dem/SwComponentTypes/Dem;EV_GetEventFailed_EvtFEE_E_GC_INIT
;/AUTOSAR_Dem/SwComponentTypes/Dem;EV_GetEventFailed_EvtFEE_E_GC_READ
;/AUTOSAR_Dem/SwComponentTypes/Dem;EV_GetEventFailed_EvtFEE_E_GC_TRIG
;/AUTOSAR_Dem/SwComponentTypes/Dem;EV_GetEventFailed_EvtFEE_E_GC_WRITE
;/AUTOSAR_Dem/SwComponentTypes/Dem;EV_GetEventFailed_EvtFEE_E_INVALIDATE
;/AUTOSAR_Dem/SwComponentTypes/Dem;EV_GetEventFailed_EvtFEE_E_READ
;/AUTOSAR_Dem/SwComponentTypes/Dem;EV_GetEventFailed_EvtFEE_E_UNCONFIG_BLK_EXCEEDED
;/AUTOSAR_Dem/SwComponentTypes/Dem;EV_GetEventFailed_EvtFEE_E_WRITE
;/AUTOSAR_Dem/SwComponentTypes/Dem;EV_GetEventFailed_EvtFEE_E_WRITE_CYCLES_EXHAUSTED
;/AUTOSAR_Dem/SwComponentTypes/Dem;EV_GetEventFailed_EvtFLS_E_COMPARE_FAILED
;/AUTOSAR_Dem/SwComponentTypes/Dem;EV_GetEventFailed_EvtFLS_E_ERASE_FAILED
;/AUTOSAR_Dem/SwComponentTypes/Dem;EV_GetEventFailed_EvtFLS_E_READ_FAILED
;/AUTOSAR_Dem/SwComponentTypes/Dem;EV_GetEventFailed_EvtFLS_E_SUSPND_RESUME_TIMEOUT
;/AUTOSAR_Dem/SwComponentTypes/Dem;EV_GetEventFailed_EvtFLS_E_UNEXPECTED_FLASH_ID
;/AUTOSAR_Dem/SwComponentTypes/Dem;EV_GetEventFailed_EvtFLS_E_VERIFY_ERASE_ECC
;/AUTOSAR_Dem/SwComponentTypes/Dem;EV_GetEventFailed_EvtFLS_E_WRITE_FAILED
;/AUTOSAR_Dem/SwComponentTypes/Dem;EV_GetEventFailed_EvtMCU_E_CLOCK_FAILURE
;/AUTOSAR_Dem/SwComponentTypes/Dem;EV_GetEventFailed_EvtMCU_E_ERAY_TIMEOUT
;/AUTOSAR_Dem/SwComponentTypes/Dem;EV_GetEventFailed_EvtMCU_E_OSC_FAILURE
;/AUTOSAR_Dem/SwComponentTypes/Dem;EV_GetEventFailed_EvtPermanent_DTC
;/AUTOSAR_Dem/SwComponentTypes/Dem;EV_GetEventFailed_EvtWDGM_E_DATA_CORRUPTION
;/AUTOSAR_Dem/SwComponentTypes/Dem;EV_GetEventFailed_EvtWDGM_E_MF_TIMINGVIOLATION
;/AUTOSAR_Dem/SwComponentTypes/Dem;EV_GetEventFailed_EvtWDGM_E_MONITORING
;/AUTOSAR_Dem/SwComponentTypes/Dem;EV_GetEventFailed_EvtWDGM_E_SET_MODE
;/AUTOSAR_Dem/SwComponentTypes/Dem;EV_GetEventFailed_GeneralEvt
;/AUTOSAR_Dem/SwComponentTypes/Dem;EV_GetEventMemoryOverflow_Permanent
;/AUTOSAR_Dem/SwComponentTypes/Dem;EV_GetEventMemoryOverflow_Primary
;/AUTOSAR_Dem/SwComponentTypes/Dem;EV_GetEventStatus_EvtCANSM_E_BUS_OFF_0
;/AUTOSAR_Dem/SwComponentTypes/Dem;EV_GetEventStatus_EvtCAN_E_TIMEOUT
;/AUTOSAR_Dem/SwComponentTypes/Dem;EV_GetEventStatus_EvtDTC_0x000001_Event
;/AUTOSAR_Dem/SwComponentTypes/Dem;EV_GetEventStatus_EvtECUM_E_RAM_CHECK_FAILED
;/AUTOSAR_Dem/SwComponentTypes/Dem;EV_GetEventStatus_EvtFEE_E_GC_ERASE
;/AUTOSAR_Dem/SwComponentTypes/Dem;EV_GetEventStatus_EvtFEE_E_GC_INIT
;/AUTOSAR_Dem/SwComponentTypes/Dem;EV_GetEventStatus_EvtFEE_E_GC_READ
;/AUTOSAR_Dem/SwComponentTypes/Dem;EV_GetEventStatus_EvtFEE_E_GC_TRIG
;/AUTOSAR_Dem/SwComponentTypes/Dem;EV_GetEventStatus_EvtFEE_E_GC_WRITE
;/AUTOSAR_Dem/SwComponentTypes/Dem;EV_GetEventStatus_EvtFEE_E_INVALIDATE
;/AUTOSAR_Dem/SwComponentTypes/Dem;EV_GetEventStatus_EvtFEE_E_READ
;/AUTOSAR_Dem/SwComponentTypes/Dem;EV_GetEventStatus_EvtFEE_E_UNCONFIG_BLK_EXCEEDED
;/AUTOSAR_Dem/SwComponentTypes/Dem;EV_GetEventStatus_EvtFEE_E_WRITE
;/AUTOSAR_Dem/SwComponentTypes/Dem;EV_GetEventStatus_EvtFEE_E_WRITE_CYCLES_EXHAUSTED
;/AUTOSAR_Dem/SwComponentTypes/Dem;EV_GetEventStatus_EvtFLS_E_COMPARE_FAILED
;/AUTOSAR_Dem/SwComponentTypes/Dem;EV_GetEventStatus_EvtFLS_E_ERASE_FAILED
;/AUTOSAR_Dem/SwComponentTypes/Dem;EV_GetEventStatus_EvtFLS_E_READ_FAILED
;/AUTOSAR_Dem/SwComponentTypes/Dem;EV_GetEventStatus_EvtFLS_E_SUSPND_RESUME_TIMEOUT
;/AUTOSAR_Dem/SwComponentTypes/Dem;EV_GetEventStatus_EvtFLS_E_UNEXPECTED_FLASH_ID
;/AUTOSAR_Dem/SwComponentTypes/Dem;EV_GetEventStatus_EvtFLS_E_VERIFY_ERASE_ECC
;/AUTOSAR_Dem/SwComponentTypes/Dem;EV_GetEventStatus_EvtFLS_E_WRITE_FAILED
;/AUTOSAR_Dem/SwComponentTypes/Dem;EV_GetEventStatus_EvtMCU_E_CLOCK_FAILURE
;/AUTOSAR_Dem/SwComponentTypes/Dem;EV_GetEventStatus_EvtMCU_E_ERAY_TIMEOUT
;/AUTOSAR_Dem/SwComponentTypes/Dem;EV_GetEventStatus_EvtMCU_E_OSC_FAILURE
;/AUTOSAR_Dem/SwComponentTypes/Dem;EV_GetEventStatus_EvtPermanent_DTC
;/AUTOSAR_Dem/SwComponentTypes/Dem;EV_GetEventStatus_EvtWDGM_E_DATA_CORRUPTION
;/AUTOSAR_Dem/SwComponentTypes/Dem;EV_GetEventStatus_EvtWDGM_E_MF_TIMINGVIOLATION
;/AUTOSAR_Dem/SwComponentTypes/Dem;EV_GetEventStatus_EvtWDGM_E_MONITORING
;/AUTOSAR_Dem/SwComponentTypes/Dem;EV_GetEventStatus_EvtWDGM_E_SET_MODE
;/AUTOSAR_Dem/SwComponentTypes/Dem;EV_GetEventStatus_GeneralEvt
;/AUTOSAR_Dem/SwComponentTypes/Dem;EV_GetEventTested_EvtCANSM_E_BUS_OFF_0
;/AUTOSAR_Dem/SwComponentTypes/Dem;EV_GetEventTested_EvtCAN_E_TIMEOUT
;/AUTOSAR_Dem/SwComponentTypes/Dem;EV_GetEventTested_EvtDTC_0x000001_Event
;/AUTOSAR_Dem/SwComponentTypes/Dem;EV_GetEventTested_EvtECUM_E_RAM_CHECK_FAILED
;/AUTOSAR_Dem/SwComponentTypes/Dem;EV_GetEventTested_EvtFEE_E_GC_ERASE
;/AUTOSAR_Dem/SwComponentTypes/Dem;EV_GetEventTested_EvtFEE_E_GC_INIT
;/AUTOSAR_Dem/SwComponentTypes/Dem;EV_GetEventTested_EvtFEE_E_GC_READ
;/AUTOSAR_Dem/SwComponentTypes/Dem;EV_GetEventTested_EvtFEE_E_GC_TRIG
;/AUTOSAR_Dem/SwComponentTypes/Dem;EV_GetEventTested_EvtFEE_E_GC_WRITE
;/AUTOSAR_Dem/SwComponentTypes/Dem;EV_GetEventTested_EvtFEE_E_INVALIDATE
;/AUTOSAR_Dem/SwComponentTypes/Dem;EV_GetEventTested_EvtFEE_E_READ
;/AUTOSAR_Dem/SwComponentTypes/Dem;EV_GetEventTested_EvtFEE_E_UNCONFIG_BLK_EXCEEDED
;/AUTOSAR_Dem/SwComponentTypes/Dem;EV_GetEventTested_EvtFEE_E_WRITE
;/AUTOSAR_Dem/SwComponentTypes/Dem;EV_GetEventTested_EvtFEE_E_WRITE_CYCLES_EXHAUSTED
;/AUTOSAR_Dem/SwComponentTypes/Dem;EV_GetEventTested_EvtFLS_E_COMPARE_FAILED
;/AUTOSAR_Dem/SwComponentTypes/Dem;EV_GetEventTested_EvtFLS_E_ERASE_FAILED
;/AUTOSAR_Dem/SwComponentTypes/Dem;EV_GetEventTested_EvtFLS_E_READ_FAILED
;/AUTOSAR_Dem/SwComponentTypes/Dem;EV_GetEventTested_EvtFLS_E_SUSPND_RESUME_TIMEOUT
;/AUTOSAR_Dem/SwComponentTypes/Dem;EV_GetEventTested_EvtFLS_E_UNEXPECTED_FLASH_ID
;/AUTOSAR_Dem/SwComponentTypes/Dem;EV_GetEventTested_EvtFLS_E_VERIFY_ERASE_ECC
;/AUTOSAR_Dem/SwComponentTypes/Dem;EV_GetEventTested_EvtFLS_E_WRITE_FAILED
;/AUTOSAR_Dem/SwComponentTypes/Dem;EV_GetEventTested_EvtMCU_E_CLOCK_FAILURE
;/AUTOSAR_Dem/SwComponentTypes/Dem;EV_GetEventTested_EvtMCU_E_ERAY_TIMEOUT
;/AUTOSAR_Dem/SwComponentTypes/Dem;EV_GetEventTested_EvtMCU_E_OSC_FAILURE
;/AUTOSAR_Dem/SwComponentTypes/Dem;EV_GetEventTested_EvtPermanent_DTC
;/AUTOSAR_Dem/SwComponentTypes/Dem;EV_GetEventTested_EvtWDGM_E_DATA_CORRUPTION
;/AUTOSAR_Dem/SwComponentTypes/Dem;EV_GetEventTested_EvtWDGM_E_MF_TIMINGVIOLATION
;/AUTOSAR_Dem/SwComponentTypes/Dem;EV_GetEventTested_EvtWDGM_E_MONITORING
;/AUTOSAR_Dem/SwComponentTypes/Dem;EV_GetEventTested_EvtWDGM_E_SET_MODE
;/AUTOSAR_Dem/SwComponentTypes/Dem;EV_GetEventTested_GeneralEvt
;/AUTOSAR_Dem/SwComponentTypes/Dem;EV_GetFDC_EvtCANSM_E_BUS_OFF_0
;/AUTOSAR_Dem/SwComponentTypes/Dem;EV_GetFDC_EvtCAN_E_TIMEOUT
;/AUTOSAR_Dem/SwComponentTypes/Dem;EV_GetFDC_EvtDTC_0x000001_Event
;/AUTOSAR_Dem/SwComponentTypes/Dem;EV_GetFDC_EvtECUM_E_RAM_CHECK_FAILED
;/AUTOSAR_Dem/SwComponentTypes/Dem;EV_GetFDC_EvtFEE_E_GC_ERASE
;/AUTOSAR_Dem/SwComponentTypes/Dem;EV_GetFDC_EvtFEE_E_GC_INIT
;/AUTOSAR_Dem/SwComponentTypes/Dem;EV_GetFDC_EvtFEE_E_GC_READ
;/AUTOSAR_Dem/SwComponentTypes/Dem;EV_GetFDC_EvtFEE_E_GC_TRIG
;/AUTOSAR_Dem/SwComponentTypes/Dem;EV_GetFDC_EvtFEE_E_GC_WRITE
;/AUTOSAR_Dem/SwComponentTypes/Dem;EV_GetFDC_EvtFEE_E_INVALIDATE
;/AUTOSAR_Dem/SwComponentTypes/Dem;EV_GetFDC_EvtFEE_E_READ
;/AUTOSAR_Dem/SwComponentTypes/Dem;EV_GetFDC_EvtFEE_E_UNCONFIG_BLK_EXCEEDED
;/AUTOSAR_Dem/SwComponentTypes/Dem;EV_GetFDC_EvtFEE_E_WRITE
;/AUTOSAR_Dem/SwComponentTypes/Dem;EV_GetFDC_EvtFEE_E_WRITE_CYCLES_EXHAUSTED
;/AUTOSAR_Dem/SwComponentTypes/Dem;EV_GetFDC_EvtFLS_E_COMPARE_FAILED
;/AUTOSAR_Dem/SwComponentTypes/Dem;EV_GetFDC_EvtFLS_E_ERASE_FAILED
;/AUTOSAR_Dem/SwComponentTypes/Dem;EV_GetFDC_EvtFLS_E_READ_FAILED
;/AUTOSAR_Dem/SwComponentTypes/Dem;EV_GetFDC_EvtFLS_E_SUSPND_RESUME_TIMEOUT
;/AUTOSAR_Dem/SwComponentTypes/Dem;EV_GetFDC_EvtFLS_E_UNEXPECTED_FLASH_ID
;/AUTOSAR_Dem/SwComponentTypes/Dem;EV_GetFDC_EvtFLS_E_VERIFY_ERASE_ECC
;/AUTOSAR_Dem/SwComponentTypes/Dem;EV_GetFDC_EvtFLS_E_WRITE_FAILED
;/AUTOSAR_Dem/SwComponentTypes/Dem;EV_GetFDC_EvtMCU_E_CLOCK_FAILURE
;/AUTOSAR_Dem/SwComponentTypes/Dem;EV_GetFDC_EvtMCU_E_ERAY_TIMEOUT
;/AUTOSAR_Dem/SwComponentTypes/Dem;EV_GetFDC_EvtMCU_E_OSC_FAILURE
;/AUTOSAR_Dem/SwComponentTypes/Dem;EV_GetFDC_EvtPermanent_DTC
;/AUTOSAR_Dem/SwComponentTypes/Dem;EV_GetFDC_EvtWDGM_E_DATA_CORRUPTION
;/AUTOSAR_Dem/SwComponentTypes/Dem;EV_GetFDC_EvtWDGM_E_MF_TIMINGVIOLATION
;/AUTOSAR_Dem/SwComponentTypes/Dem;EV_GetFDC_EvtWDGM_E_MONITORING
;/AUTOSAR_Dem/SwComponentTypes/Dem;EV_GetFDC_EvtWDGM_E_SET_MODE
;/AUTOSAR_Dem/SwComponentTypes/Dem;EV_GetFDC_GeneralEvt
;/AUTOSAR_Dem/SwComponentTypes/Dem;EV_GetIndicatorStatus_IndStDEM_INDICATOR_0
;/AUTOSAR_Dem/SwComponentTypes/Dem;EV_GetNumberOfEventMemoryEntries_Permanent
;/AUTOSAR_Dem/SwComponentTypes/Dem;EV_GetNumberOfEventMemoryEntries_Primary
;/AUTOSAR_Dem/SwComponentTypes/Dem;EV_GetPfcCycleQualified
;/AUTOSAR_Dem/SwComponentTypes/Dem;EV_PrestoreFreezeFrame_EvtDTC_0x000001_Event
;/AUTOSAR_Dem/SwComponentTypes/Dem;EV_PrestoreFreezeFrame_EvtPermanent_DTC
;/AUTOSAR_Dem/SwComponentTypes/Dem;EV_ResetEventDebounceStatus_EvtDTC_0x000001_Event
;/AUTOSAR_Dem/SwComponentTypes/Dem;EV_ResetEventDebounceStatus_EvtPermanent_DTC
;/AUTOSAR_Dem/SwComponentTypes/Dem;EV_ResetEventStatus_EvtDTC_0x000001_Event
;/AUTOSAR_Dem/SwComponentTypes/Dem;EV_ResetEventStatus_EvtPermanent_DTC
;/AUTOSAR_Dem/SwComponentTypes/Dem;EV_ResetReadiness
;/AUTOSAR_Dem/SwComponentTypes/Dem;EV_SetCycleQualified_OpCycDEM_OPCYC_IGNITION
;/AUTOSAR_Dem/SwComponentTypes/Dem;EV_SetCycleQualified_OpCycDEM_OPCYC_OBD_DCY
;/AUTOSAR_Dem/SwComponentTypes/Dem;EV_SetCycleQualified_OpCycDEM_OPCYC_POWER
;/AUTOSAR_Dem/SwComponentTypes/Dem;EV_SetDTCSuppression
;/AUTOSAR_Dem/SwComponentTypes/Dem;EV_SetEnableCondition_EnCondDEM_SL_ECU_LEVEL
;/AUTOSAR_Dem/SwComponentTypes/Dem;EV_SetEventDisabled_EvtDTC_0x000001_Event
;/AUTOSAR_Dem/SwComponentTypes/Dem;EV_SetEventDisabled_EvtPermanent_DTC
;/AUTOSAR_Dem/SwComponentTypes/Dem;EV_SetEventStatus_EvtDTC_0x000001_Event
;/AUTOSAR_Dem/SwComponentTypes/Dem;EV_SetEventStatus_EvtPermanent_DTC
;/AUTOSAR_Dem/SwComponentTypes/Dem;EV_SetOperationCycleState_OpCycDEM_OPCYC_IGNITION
;/AUTOSAR_Dem/SwComponentTypes/Dem;EV_SetOperationCycleState_OpCycDEM_OPCYC_OBD_DCY
;/AUTOSAR_Dem/SwComponentTypes/Dem;EV_SetOperationCycleState_OpCycDEM_OPCYC_POWER
;/AUTOSAR_Dem/SwComponentTypes/Dem;EV_SetPfcCycleQualified
;/AUTOSAR_Dem/SwComponentTypes/Dem;EV_SetPtoStatus
;/AUTOSAR_Det/SwComponentTypes/DevelopmentErrorTracer;EV_ReportError_SWC_0
;/AUTOSAR_NvM/SwComponentTypes/NvM;EV_EraseBlock_PersistentCounterValue
;/AUTOSAR_NvM/SwComponentTypes/NvM;EV_GetDataIndex_PersistentCounterValue
;/AUTOSAR_NvM/SwComponentTypes/NvM;EV_GetErrorStatus_PersistentCounterValue
;/AUTOSAR_NvM/SwComponentTypes/NvM;EV_InvalidateNvBlock_PersistentCounterValue
;/AUTOSAR_NvM/SwComponentTypes/NvM;EV_ReadBlock_PersistentCounterValue
;/AUTOSAR_NvM/SwComponentTypes/NvM;EV_RestoreBlockDefaults_PersistentCounterValue
;/AUTOSAR_NvM/SwComponentTypes/NvM;EV_SetDataIndex_PersistentCounterValue
;/AUTOSAR_NvM/SwComponentTypes/NvM;EV_SetRamBlockStatus_PersistentCounterValue
;/AUTOSAR_NvM/SwComponentTypes/NvM;EV_WriteBlock_PersistentCounterValue
;/AUTOSAR_SecOC/SwComponentTypes/SecOC;EV_VerifyStatusOverride_SecOC
;/DemoApplication/SwComponentTypes/SWC_CyclicCounter;SetCounterOperationInvoked
;/DemoApplication/SwComponentTypes/SWC_CyclicCounter;SetCounterOperationInvoked_FD
;/DemoApplication/SwComponentTypes/SWC_IoHwAbs;SetDiscreteValueOperationInvoked
;/ServiceApplTemplate/SwComponentTypes/ServiceSwComponentDcm;OIE_InfotypeServices_Service09_VehicleIdentificationNumber_FCBCC756CD696C8B153A3B3C09098528
;/ServiceApplTemplate/SwComponentTypes/ServiceSwComponentDcm;OIE_InfotypeServices_Service09_VinMessageCount_1969977E6031A6FF8E94C48B46AEC7E7
;/ServiceApplTemplate/SwComponentTypes/ServiceSwComponentDcm;OIE_RoutineServices_DIAGNOSTIC_LOOPBACK_2ABDF5C8DB25E26D23A47D931863F3F4
;/ServiceApplTemplate/SwComponentTypes/ServiceSwComponentDcm;OIE_RoutineServices_DIAGNOSTIC_TRIGGER_DTC_A5663192471BAAA2C67D187118DC8330
;/ServiceApplTemplate/SwComponentTypes/ServiceSwComponentDcm;OIE_SecurityAccess_Level_1_84BB8A2232D0844AFF9F6DEBA909A8FE
;/ServiceApplTemplate/SwComponentTypes/ServiceSwComponentDcm;OIE_SecurityAccess_Level_1_8D467D058B9954F50FA4117D26D70750
;/ServiceApplTemplate/SwComponentTypes/ServiceSwComponentDcm;OIE_SecurityAccess_Level_3_02E23CEB188B01960F6123CEDAA46519
;/ServiceApplTemplate/SwComponentTypes/ServiceSwComponentDcm;OIE_SecurityAccess_Level_3_BEFD23699B6D931568116397827F291C
;/ServiceApplTemplate/SwComponentTypes/ServiceSwComponentDcm;OIE_ServiceRequestManufacturerNotification_DcmDslServiceRequestManufacturerNotification_0_F96CE821EB615181C92F75B62FD8BB76
;/ServiceApplTemplate/SwComponentTypes/ServiceSwComponentDcm;OIE_ServiceRequestManufacturerNotification_DcmDslServiceRequestManufacturerNotification_0_FD82AF5E10E15A122DAD2F8A0D19766D
;/ServiceApplTemplate/SwComponentTypes/ServiceSwComponentDcm;OIE_ServiceRequestSupplierNotification_DcmDslServiceRequestSupplierNotification_0_35E0C438053C52243C98992C440E04EE
;/ServiceApplTemplate/SwComponentTypes/ServiceSwComponentDcm;OIE_ServiceRequestSupplierNotification_DcmDslServiceRequestSupplierNotification_0_431FE507F5A42AFDBD075BD8121B2E12
;/ServiceApplTemplate/SwComponentTypes/ServiceSwComponentDem;OIE_CBReadData_DemExternalCSDataElementClass_ExtDataRec_0x01_E3772ED4B9F02DB583EC5F65B2C620FF
;/ServiceApplTemplate/SwComponentTypes/ServiceSwComponentDem;OIE_CBReadData_DemExternalCSDataElementClass_Session_922F0552F856FF32289CE769C88CFC68
;/ServiceApplTemplate/SwComponentTypes/ServiceSwComponentDem;OIE_SetClearDTC_master_32BA196F218C476EBF9AFBFACCD52A0B
;/ServiceApplTemplate/SwComponentTypes/ServiceSwComponentSecOC;OIE_PS_RxFreshnessManagement_70F547DC410F0DD5A5B53E9A8C6EF542
;/ServiceApplTemplate/SwComponentTypes/ServiceSwComponentSecOC;OIE_PS_TxFreshnessManagement_13444CA5556084B6AA2EAB622794141A
;/ServiceApplTemplate/SwComponentTypes/ServiceSwComponentSecOC;OIE_PS_TxFreshnessManagement_FFB6DDB35A62C3E71630345752F29B21
Rte_Event_Task;/DemoApplication/SwComponentTypes/SWC_ModifyEcho;DataReceivedEvent
Rte_Event_Task;/DemoApplication/SwComponentTypes/SWC_ModifyEcho;DataReceivedEvent_FD
Rte_Event_Task;/DemoApplication/SwComponentTypes/SWC_CyclicCounter;ModeSwitchedPrpShutdown
Rte_Event_Task;/DemoApplication/SwComponentTypes/SWC_CyclicCounter;ModeSwitchedRunTwo
Rte_Event_Task;/DemoApplication/SwComponentTypes/SWC_AppStateHandler;AppState
Rte_Event_Task;/DemoApplication/SwComponentTypes/SWC_Secured;SecuredDataReceived
Rte_Event_Task;/DemoApplication/SwcImplementations/SWC_E2ESafety;SafeE2EProtDataReceived
Rte_Time_Task;/DemoApplication/SwComponentTypes/SWC_CyclicCounter;CyclicEvent
Rte_Time_Task;/DemoApplication/SwComponentTypes/SWC_CyclicCounter;CyclicEvent_FD
Rte_Time_Task;/DemoApplication/SwcImplementations/SWC_E2ESafety;CyclicEventE2E
Rte_Time_Task;WdgM_Appl;TimingEvent_TriggerFunction
SchMComTask_10ms;Crypto;TimingEvent_MainFunction
SchMComTask_10ms;WdgM;TimingEvent_MainFunction
SchMComTask_10ms;SecOC;TimingEvent_MainFunctionRx
SchMComTask_10ms;SecOC;TimingEvent_MainFunctionTx
SchMComTask_5ms;WdgM_Appl;TimingEvent_TriggerFunctionDeadlineStart
SchMComTask_5ms;CanTrcv;TimingEvent_CanTrcv_MainFunction
SchMComTask_5ms;Can;TimingEvent_MainFunction_Mode
SchMComTask_5ms;Com;TimingEvent_MainFunctionRx
SchMComTask_5ms;Com;TimingEvent_MainFunctionRouteSignals
SchMComTask_5ms;Dcm;TimingEvent_MainFunction
SchMComTask_5ms;CanTp;TimingEvent_MainFunction
SchMComTask_5ms;Com;TimingEvent_MainFunctionTx
SchMComTask_5ms;WdgM_Appl;TimingEvent_TriggerFunctionDeadlineStop
SchMDiagStateTask_20ms;EcuM;TimingEvent_MainFunction
SchMDiagStateTask_20ms;BswM;TimingEvent_MainFunction
SchMDiagStateTask_20ms;Dem;TimingEvent_MainFunction
SchMDiagStateTask_20ms;ComM;TimingEvent_MainFunction_0
SchMDiagStateTask_20ms;CanSM;TimingEvent_MainFunction
SchMDiagStateTask_20ms;Nm;TimingEvent_MainFunction
SchMDiagStateTask_20ms;CanNm;TimingEvent_MainFunction
SchMMemTask_10ms;NvM;TimingEvent_MainFunction
SchMMemTask_10ms;Fee;TimingEvent_MainFunction
SchMMemTask_10ms;Fls;TimingEvent_MainFunction
TASK_RTE_ModeSwitchEvent;BswM;MSE_BswM_ModeReqPort_DcmDiagnosticSessionControl_Default
TASK_RTE_ModeSwitchEvent;BswM;MSE_BswM_ModeReqPort_DcmDiagnosticSessionControl_Programming
TASK_RTE_ModeSwitchEvent;BswM;MSE_BswM_ModeReqPort_DcmDiagnosticSessionControl_Extended
TASK_RTE_ModeSwitchEvent;BswM;MSE_BswM_ModeReqPort_Dcm_ResetModeRequest_NONE
TASK_RTE_ModeSwitchEvent;BswM;MSE_BswM_ModeReqPort_Dcm_ResetModeRequest_HARD
TASK_RTE_ModeSwitchEvent;BswM;MSE_BswM_ModeReqPort_Dcm_ResetModeRequest_SOFT
TASK_RTE_ModeSwitchEvent;BswM;MSE_BswM_ModeReqPort_Dcm_ResetModeRequest_JUMPTOBOOTLOADER
TASK_RTE_ModeSwitchEvent;BswM;MSE_BswM_ModeReqPort_Dcm_ResetModeRequest_JUMPTOSYSSUPPLIERBOOTLOADER
TASK_RTE_ModeSwitchEvent;BswM;MSE_BswM_ModeReqPort_Dcm_ResetModeRequest_EXECUTE
TASK_RTE_ModeSwitchEvent;BswM;MSE_BswM_ModeReqPort_Dcm_ResetModeRequest_KEYONOFF
TASK_RTE_ModeSwitchEvent;BswM;MSE_BswM_ModeReqPort_DcmCommunicationControl_DCM_ENABLE_RX_TX_NORM
TASK_RTE_ModeSwitchEvent;BswM;MSE_BswM_ModeReqPort_DcmCommunicationControl_DCM_ENABLE_RX_DISABLE_TX_NORM
TASK_RTE_ModeSwitchEvent;BswM;MSE_BswM_ModeReqPort_DcmCommunicationControl_DCM_DISABLE_RX_ENABLE_TX_NORM
TASK_RTE_ModeSwitchEvent;BswM;MSE_BswM_ModeReqPort_DcmCommunicationControl_DCM_DISABLE_RX_TX_NORM
TASK_RTE_ModeSwitchEvent;BswM;MSE_BswM_ModeReqPort_DcmCommunicationControl_DCM_ENABLE_RX_TX_NM
TASK_RTE_ModeSwitchEvent;BswM;MSE_BswM_ModeReqPort_DcmCommunicationControl_DCM_ENABLE_RX_DISABLE_TX_NM
TASK_RTE_ModeSwitchEvent;BswM;MSE_BswM_ModeReqPort_DcmCommunicationControl_DCM_DISABLE_RX_ENABLE_TX_NM
TASK_RTE_ModeSwitchEvent;BswM;MSE_BswM_ModeReqPort_DcmCommunicationControl_DCM_DISABLE_RX_TX_NM
TASK_RTE_ModeSwitchEvent;BswM;MSE_BswM_ModeReqPort_DcmCommunicationControl_DCM_ENABLE_RX_TX_NORM_NM
TASK_RTE_ModeSwitchEvent;BswM;MSE_BswM_ModeReqPort_DcmCommunicationControl_DCM_ENABLE_RX_DISABLE_TX_NORM_NM
TASK_RTE_ModeSwitchEvent;BswM;MSE_BswM_ModeReqPort_DcmCommunicationControl_DCM_DISABLE_RX_ENABLE_TX_NORM_NM
TASK_RTE_ModeSwitchEvent;BswM;MSE_BswM_ModeReqPort_DcmCommunicationControl_DCM_DISABLE_RX_TX_NORM_NM
TASK_RTE_ModeSwitchEvent;BswM;MSE_BswM_ModeReqPort_DcmResponseOnEvent_EVENT_STARTED
TASK_RTE_ModeSwitchEvent;BswM;MSE_BswM_ModeReqPort_DcmResponseOnEvent_EVENT_STOPPED
TASK_RTE_ModeSwitchEvent;BswM;MSE_BswM_ModeReqPort_DcmResponseOnEvent_EVENT_CLEARED
TASK_RTE_ModeSwitchEvent;/AUTOSAR_BswM/SwComponentTypes/BswM;MSE_BswM_ModeReqPort_AppState_EB_INTGR_APP_STARTUP
TASK_RTE_ModeSwitchEvent;/AUTOSAR_BswM/SwComponentTypes/BswM;MSE_BswM_ModeReqPort_AppState_EB_INTGR_APP_ACTIVE
TASK_RTE_ModeSwitchEvent;/AUTOSAR_BswM/SwComponentTypes/BswM;MSE_BswM_ModeReqPort_AppState_EB_INTGR_APP_INACTIVE
TASK_RTE_ModeSwitchEvent;/AUTOSAR_BswM/SwComponentTypes/BswM;MSE_BswM_ModeReqPort_AppState_EB_INTGR_APP_WAKEUP
TASK_RTE_ModeSwitchEvent;/AUTOSAR_BswM/SwComponentTypes/BswM;MSE_BswM_ModeReqPort_AppState_EB_INTGR_APP_SLEEP
